日期,时间,前收,高,低,价格,开,成交量,成交额,成交笔数
2018/10/11,2018/10/11,0.00 ,2446.37 ,2369.03 ,2390.50 ,2412.22 ,3693148600.00 ,47144413700.00 ,0.00 
2018/10/12,2018/10/12,2390.50 ,2452.69 ,2390.99 ,2444.13 ,2398.18 ,2900053300.00 ,37470242200.00 ,0.00 
2018/10/15,2018/10/15,2444.13 ,2448.26 ,2407.55 ,2412.48 ,2443.73 ,2054321600.00 ,26673331700.00 ,0.00 
2018/10/16,2018/10/16,2412.48 ,2459.88 ,2407.00 ,2415.49 ,2414.32 ,1983219900.00 ,26111832800.00 ,0.00 
2018/10/17,2018/10/17,2415.49 ,2451.19 ,2384.14 ,2429.21 ,2446.48 ,2485413000.00 ,31533042200.00 ,0.00 
2018/10/18,2018/10/18,2429.21 ,2416.37 ,2367.71 ,2369.07 ,2416.37 ,2276504600.00 ,29580379000.00 ,0.00 
2018/10/19,2018/10/19,2369.07 ,2451.76 ,2344.98 ,2446.32 ,2353.84 ,3138254800.00 ,42185839600.00 ,0.00 
2018/10/22,2018/10/22,2446.32 ,,2463.49 ,2540.15 ,2463.49 ,4632806800.00 ,64393838200.00 ,0.00 
2018/10/23,2018/10/23,2540.15 ,2544.30 ,2451.67 ,2464.81 ,2539.65 ,3541862300.00 ,55621787800.00 ,0.00 
2018/10/24,2018/10/24,2464.81 ,2530.77 ,2459.21 ,2477.49 ,2459.32 ,3702758100.00 ,48850258900.00 ,0.00 
2018/10/25,2018/10/25,2477.49 ,2486.76 ,2415.49 ,2485.10 ,2419.11 ,,43012012700.00 ,0.00 
2018/10/26,2018/10/26,2485.10 ,2499.76 ,2445.83 ,2468.91 ,2487.00 ,2879333500.00 ,37746236200.00 ,0.00 
2018/10/29,2018/10/29,2468.91 ,2465.37 ,2377.99 ,2389.58 ,2461.92 ,2872827700.00 ,40215886700.00 ,0.00 
2018/10/30,2018/10/30,2389.58 ,2449.29 ,2378.82 ,2415.65 ,2380.47 ,3246478600.00 ,52081900300.00 ,0.00 
2018/10/31,2018/10/31,2415.65 ,2460.84 ,2413.34 ,2451.12 ,2424.16 ,3450076300.00 ,44512207200.00 ,0.00 
2018/11/1,2018/11/1,2451.12 ,2500.12 ,2455.73 ,2460.16 ,2474.27 ,3769439000.00 ,50794892600.00 ,0.00 
2018/11/2,2018/11/2,2460.16 ,2544.19 ,2489.07 ,2542.77 ,2522.39 ,4732880400.00 ,62090716300.00 ,0.00 
2018/11/5,2018/11/5,2542.77 ,2524.65 ,2489.59 ,2511.59 ,2520.88 ,2826235900.00 ,37305733700.00 ,0.00 
2018/11/6,2018/11/6,2511.59 ,2509.64 ,2478.38 ,2499.68 ,2507.36 ,2210240000.00 ,27830069300.00 ,0.00 
2018/11/7,2018/11/7,2499.68 ,2521.15 ,2479.25 ,2482.33 ,2503.68 ,2615856400.00 ,30891232900.00 ,0.00 
2018/11/8,2018/11/8,2482.33 ,2511.00 ,2480.33 ,2486.00 ,2507.59 ,2031124600.00 ,26155585300.00 ,0.00 
2018/11/9,2018/11/9,2486.00 ,2469.89 ,2434.08 ,2434.21 ,2469.89 ,2803674200.00 ,30360305000.00 ,0.00 
2018/11/12,2018/11/12,2434.21 ,2447.46 ,2419.97 ,2444.97 ,2426.83 ,2290729900.00 ,29682529000.00 ,0.00 
2018/11/13,2018/11/13,2444.97 ,2474.82 ,2413.78 ,2462.97 ,2415.30 ,2768189800.00 ,34914183900.00 ,0.00 
2018/11/14,2018/11/14,2462.97 ,2462.18 ,2425.97 ,2429.99 ,2462.18 ,2701656500.00 ,31710019000.00 ,0.00 
2018/11/15,2018/11/15,2429.99 ,2459.43 ,2427.07 ,2459.14 ,2430.19 ,2474501700.00 ,30254544200.00 ,0.00 
2018/11/16,2018/11/16,2459.14 ,2482.44 ,2443.12 ,2461.44 ,2458.48 ,3150058300.00 ,39145116400.00 ,0.00 
2018/11/19,2018/11/19,2461.44 ,2492.08 ,2461.80 ,2492.08 ,2466.43 ,2972015300.00 ,38040917100.00 ,0.00 
2018/11/20,2018/11/20,2492.08 ,2484.01 ,2441.85 ,2446.79 ,2475.23 ,2694532200.00 ,32913380900.00 ,0.00 
2018/11/21,2018/11/21,2446.79 ,2454.46 ,2425.23 ,2451.27 ,2425.72 ,2190453400.00 ,26826856500.00 ,0.00 
2018/11/22,2018/11/22,2451.27 ,2456.91 ,2426.12 ,2437.64 ,2455.77 ,1642482800.00 ,21069166900.00 ,0.00 
2018/11/23,2018/11/23,2437.64 ,2441.32 ,2398.73 ,2399.20 ,2433.53 ,2121988900.00 ,24231459100.00 ,0.00 
2018/11/26,2018/11/26,2399.20 ,2423.46 ,2393.98 ,2401.90 ,2409.47 ,1621533900.00 ,18832300600.00 ,0.00 
2018/11/27,2018/11/27,2401.90 ,2416.44 ,2387.93 ,2394.29 ,2407.23 ,1496893600.00 ,17940814800.00 ,0.00 
2018/11/28,2018/11/28,2394.29 ,2426.66 ,2394.25 ,2421.13 ,2396.30 ,1705968600.00 ,21351171700.00 ,0.00 
2018/11/29,2018/11/29,2421.13 ,2441.42 ,2401.85 ,2401.85 ,2437.92 ,1984535300.00 ,25290387100.00 ,0.00 
2018/11/30,2018/11/30,2401.85 ,2430.65 ,2402.54 ,2428.04 ,2403.23 ,1932253400.00 ,23150338200.00 ,0.00 
2018/12/3,2018/12/3,2428.04 ,2500.57 ,2467.94 ,2488.06 ,2492.43 ,3536961200.00 ,48628578700.00 ,0.00 
2018/12/4,2018/12/4,2488.06 ,2496.81 ,2476.91 ,2496.14 ,2488.58 ,2384960500.00 ,30722358300.00 ,0.00 
2018/12/5,2018/12/5,2496.14 ,2492.32 ,2465.25 ,2481.79 ,2467.56 ,2048360900.00 ,27883112800.00 ,0.00 
2018/12/6,2018/12/6,2481.79 ,2460.23 ,2431.86 ,2434.49 ,2453.56 ,2167120500.00 ,29561052100.00 ,0.00 
2018/12/7,2018/12/7,2434.49 ,2444.98 ,2427.89 ,2430.72 ,2441.38 ,1453465300.00 ,20820781600.00 ,0.00 
2018/12/10,2018/12/10,2430.72 ,2425.74 ,2399.32 ,2408.61 ,2410.17 ,1758651500.00 ,23162583400.00 ,0.00 
2018/12/11,2018/12/11,2408.61 ,2420.52 ,2405.87 ,2415.58 ,2408.92 ,1288550500.00 ,17056710300.00 ,0.00 
2018/12/12,2018/12/12,2415.58 ,2437.61 ,2414.33 ,2423.32 ,2437.61 ,1423084600.00 ,18683315600.00 ,0.00 
2018/12/13,2018/12/13,2423.32 ,2469.70 ,2423.57 ,2457.90 ,2429.39 ,2808551000.00 ,36815472000.00 ,0.00 
2018/12/14,2018/12/14,2457.90 ,2448.80 ,2423.09 ,2423.38 ,2446.81 ,2585535700.00 ,30934774000.00 ,0.00 
2018/12/17,2018/12/17,2423.38 ,2430.89 ,2409.01 ,2425.94 ,2420.58 ,2117099700.00 ,27336830900.00 ,0.00 
2018/12/18,2018/12/18,2425.94 ,2427.68 ,2388.98 ,2397.87 ,2409.58 ,2068126900.00 ,25490008700.00 ,0.00 
2018/12/19,2018/12/19,2397.87 ,2403.90 ,2366.40 ,2369.55 ,2401.91 ,1866463300.00 ,25313964300.00 ,0.00 
2018/12/20,2018/12/20,2369.55 ,2372.37 ,2319.10 ,2334.92 ,2363.00 ,2689346100.00 ,32198354700.00 ,0.00 
2018/12/21,2018/12/21,2334.92 ,2327.44 ,2288.40 ,2306.15 ,2325.98 ,2475280700.00 ,31278956900.00 ,0.00 
2018/12/24,2018/12/24,2306.15 ,2311.73 ,2286.99 ,2309.23 ,2293.75 ,1831829600.00 ,21344497100.00 ,0.00 
2018/12/25,2018/12/25,2309.23 ,2308.61 ,2256.47 ,2297.33 ,2285.66 ,2400326200.00 ,27287608700.00 ,0.00 
2018/12/26,2018/12/26,2297.33 ,2303.20 ,2278.29 ,2281.56 ,2293.29 ,1578716400.00 ,18688493000.00 ,0.00 
2018/12/27,2018/12/27,2281.56 ,2313.05 ,2275.04 ,2276.06 ,2310.81 ,2675621500.00 ,29948336000.00 ,0.00 
2018/12/28,2018/12/28,2276.06 ,2305.91 ,2278.25 ,2293.10 ,2279.70 ,2427734800.00 ,30980579900.00 ,0.00 
2019/1/2,2019/1/2,2293.10 ,2301.06 ,2252.75 ,2262.79 ,2298.18 ,2088069700.00 ,28119934100.00 ,0.00 
2019/1/3,2019/1/3,2262.79 ,2287.78 ,2253.94 ,2269.24 ,2259.48 ,1889524000.00 ,24534925500.00 ,0.00 
2019/1/4,2019/1/4,2269.24 ,2316.35 ,2249.37 ,2314.65 ,2252.74 ,2590059600.00 ,34317942600.00 ,0.00 
2019/1/7,2019/1/7,2314.65 ,2331.60 ,2306.90 ,2314.32 ,2329.03 ,2527894800.00 ,31955994400.00 ,0.00 
2019/1/8,2019/1/8,2314.32 ,2312.17 ,2298.95 ,2305.17 ,2312.17 ,1813116000.00 ,22329122100.00 ,0.00 
2019/1/9,2019/1/9,2305.17 ,2360.36 ,2318.44 ,2332.72 ,2320.91 ,2874759600.00 ,37485405800.00 ,0.00 
2019/1/10,2019/1/10,2332.72 ,2345.33 ,2321.30 ,2331.85 ,2333.22 ,2228050700.00 ,28880603100.00 ,0.00 
2019/1/11,2019/1/11,2331.85 ,2360.06 ,2334.91 ,2354.50 ,2342.02 ,1841769300.00 ,24514111700.00 ,0.00 
2019/1/14,2019/1/14,2354.50 ,2354.31 ,2330.00 ,2331.14 ,2350.26 ,1646225200.00 ,20643865500.00 ,0.00 
2019/1/15,2019/1/15,2331.14 ,2380.60 ,2332.41 ,2378.37 ,2337.70 ,2246633600.00 ,32220714400.00 ,0.00 
2019/1/16,2019/1/16,2378.37 ,2385.22 ,2366.34 ,2381.22 ,2375.17 ,1809703900.00 ,25235752800.00 ,0.00 
2019/1/17,2019/1/17,2381.22 ,2396.80 ,2370.58 ,2371.35 ,2388.59 ,2155500000.00 ,26964929400.00 ,0.00 
2019/1/18,2019/1/18,2371.35 ,2422.03 ,2380.56 ,2417.36 ,2385.62 ,3008820000.00 ,37495330100.00 ,0.00 
2019/1/21,2019/1/21,2417.36 ,2443.23 ,2418.00 ,2432.49 ,2418.00 ,2623723600.00 ,33912529400.00 ,0.00 
2019/1/22,2019/1/22,2432.49 ,2430.43 ,2394.18 ,2401.23 ,2430.43 ,1937313700.00 ,25702750000.00 ,0.00 
2019/1/23,2019/1/23,2401.23 ,2414.02 ,2392.64 ,2397.05 ,2397.41 ,1629013500.00 ,20185057200.00 ,0.00 
2019/1/24,2019/1/24,2397.05 ,2414.89 ,2385.10 ,2411.56 ,2401.38 ,2041569700.00 ,27328503900.00 ,0.00 
2019/1/25,2019/1/25,2411.56 ,2453.67 ,2418.01 ,2441.64 ,2419.26 ,2568367900.00 ,32544229900.00 ,0.00 
2019/1/28,2019/1/28,2441.64 ,2473.12 ,2429.88 ,2437.03 ,2455.28 ,2346816300.00 ,32696609400.00 ,0.00 
2019/1/29,2019/1/29,2437.03 ,2461.52 ,2423.46 ,2455.90 ,2433.31 ,2186348000.00 ,27141683100.00 ,0.00 
2019/1/30,2019/1/30,2455.90 ,2462.61 ,2439.33 ,2440.01 ,2445.86 ,1783517000.00 ,22414217300.00 ,0.00 
2019/1/31,2019/1/31,2440.01 ,2487.10 ,2450.18 ,2483.47 ,2454.64 ,2668129800.00 ,34141608100.00 ,0.00 
2019/2/1,2019/2/1,2483.47 ,2503.55 ,2479.34 ,2499.64 ,2502.10 ,2195005400.00 ,29364023000.00 ,0.00 
2019/2/11,2019/2/11,2499.64 ,2528.38 ,2484.65 ,2527.47 ,2485.50 ,2521157000.00 ,34715191200.00 ,0.00 
2019/2/12,2019/2/12,2527.47 ,2537.29 ,2515.03 ,2533.18 ,2528.10 ,2545880400.00 ,33771727400.00 ,0.00 
2019/2/13,2019/2/13,2533.18 ,2587.88 ,2528.23 ,2580.61 ,2538.42 ,3982183200.00 ,48008835500.00 ,0.00 
2019/2/14,2019/2/14,2580.61 ,2585.51 ,2564.87 ,2576.31 ,2572.64 ,2771851500.00 ,35168460100.00 ,0.00 
2019/2/15,2019/2/15,2576.31 ,2568.79 ,2515.89 ,2517.46 ,2566.34 ,3031579600.00 ,39093901900.00 ,0.00 
2019/2/18,2019/2/18,2517.46 ,2583.40 ,2540.30 ,2582.85 ,2540.53 ,3740059200.00 ,47875957600.00 ,0.00 
2019/2/19,2019/2/19,2582.85 ,2614.36 ,2568.18 ,2579.05 ,2586.86 ,3790737900.00 ,49607504200.00 ,0.00 
2019/2/20,2019/2/20,2579.05 ,2599.55 ,2569.98 ,2588.17 ,2593.79 ,2996518100.00 ,38166831800.00 ,0.00 
2019/2/21,2019/2/21,2588.17 ,2615.47 ,2569.48 ,2577.23 ,2586.74 ,3525285500.00 ,44405018400.00 ,0.00 
2019/2/22,2019/2/22,2577.23 ,2623.09 ,2555.73 ,2623.07 ,2576.00 ,4138415100.00 ,53491957500.00 ,0.00 
2019/2/25,2019/2/25,2623.07 ,2788.67 ,2652.91 ,2787.70 ,2652.91 ,9693905100.00 ,125003000000.00 ,0.00 
2019/2/26,2019/2/26,2787.70 ,2804.16 ,2729.48 ,2733.90 ,2781.31 ,8723016100.00 ,114283000000.00 ,0.00 
2019/2/27,2019/2/27,2733.90 ,2794.93 ,2722.31 ,2750.34 ,2739.11 ,7550886500.00 ,91098634600.00 ,0.00 
2019/2/28,2019/2/28,2750.34 ,2767.86 ,2733.03 ,2743.97 ,2749.87 ,4634095900.00 ,62186339100.00 ,0.00 
2019/3/1,2019/3/1,2743.97 ,2819.47 ,2747.21 ,2819.47 ,2764.95 ,5610014700.00 ,76333697100.00 ,0.00 
2019/3/4,2019/3/4,2819.47 ,2907.82 ,2816.98 ,2832.59 ,2839.40 ,9218016700.00 ,118854000000.00 ,0.00 
2019/3/5,2019/3/5,2832.59 ,2835.11 ,2807.12 ,2828.87 ,2829.50 ,6034923500.00 ,75288723600.00 ,0.00 
2019/3/6,2019/3/6,2828.87 ,2847.38 ,2797.50 ,2840.27 ,2827.86 ,6949222400.00 ,91060938200.00 ,0.00 
2019/3/7,2019/3/7,2840.27 ,2831.36 ,2773.35 ,2789.70 ,2831.36 ,7326395900.00 ,102232000000.00 ,0.00 
2019/3/8,2019/3/8,2789.70 ,2753.55 ,2684.20 ,2685.59 ,2731.53 ,7203392800.00 ,96388376500.00 ,0.00 
2019/3/11,2019/3/11,2685.59 ,2714.09 ,2670.79 ,2708.60 ,2683.76 ,5201405200.00 ,70198689400.00 ,0.00 
2019/3/12,2019/3/12,2708.60 ,2759.61 ,2704.69 ,2719.77 ,2730.53 ,6486754400.00 ,85051843000.00 ,0.00 
2019/3/13,2019/3/13,2719.77 ,2747.96 ,2699.98 ,2723.96 ,2731.50 ,5406457100.00 ,74117602700.00 ,0.00 
2019/3/14,2019/3/14,2723.96 ,2752.66 ,2716.27 ,2729.13 ,2720.19 ,4347181300.00 ,62567909600.00 ,0.00 
2019/3/15,2019/3/15,2729.13 ,2783.51 ,2735.86 ,2755.81 ,2736.00 ,4412309600.00 ,67258458900.00 ,0.00 
2019/3/18,2019/3/18,2755.81 ,2827.26 ,2749.20 ,2825.18 ,2763.23 ,6160523500.00 ,87655202100.00 ,0.00 
2019/3/19,2019/3/19,2825.18 ,2842.45 ,2797.72 ,2806.90 ,2830.24 ,4345905600.00 ,62362679400.00 ,0.00 
2019/3/20,2019/3/20,2806.90 ,2831.63 ,2787.28 ,2812.92 ,2799.33 ,4032224700.00 ,58429045900.00 ,0.00 
2019/3/21,2019/3/21,2812.92 ,2822.63 ,2799.83 ,2802.96 ,2816.45 ,4363138500.00 ,63731399200.00 ,0.00 
2019/3/22,2019/3/22,2802.96 ,2813.52 ,2771.96 ,2795.39 ,2804.72 ,3598807000.00 ,50509047900.00 ,0.00 
2019/3/25,2019/3/25,2795.39 ,2765.84 ,2717.29 ,2718.18 ,2757.81 ,5214091500.00 ,66207962000.00 ,0.00 
2019/3/26,2019/3/26,2718.18 ,2739.29 ,2693.91 ,2706.15 ,2737.37 ,4007395500.00 ,52612740800.00 ,0.00 
2019/3/27,2019/3/27,2706.15 ,2751.72 ,2714.10 ,2741.59 ,2721.14 ,3354201800.00 ,51900870700.00 ,0.00 
2019/3/28,2019/3/28,2741.59 ,2742.70 ,2709.39 ,2733.97 ,2728.04 ,3184030300.00 ,46631870200.00 ,0.00 
2019/3/29,2019/3/29,2733.97 ,2845.23 ,2746.11 ,2838.51 ,2747.54 ,5967666900.00 ,90550418000.00 ,0.00 
2019/4/1,2019/4/1,2838.51 ,2906.15 ,2860.14 ,2892.62 ,2860.14 ,7791214600.00 ,104514000000.00 ,0.00 
2019/4/2,2019/4/2,2892.62 ,2903.87 ,2878.39 ,2888.53 ,2900.63 ,6118746100.00 ,77540948400.00 ,0.00 
2019/4/3,2019/4/3,2888.53 ,2923.92 ,2865.30 ,2920.00 ,2869.85 ,6472374900.00 ,81562043800.00 ,0.00 
2019/4/4,2019/4/4,2920.00 ,2959.59 ,2921.20 ,2951.98 ,2927.10 ,7303571600.00 ,89999489200.00 ,0.00 
2019/4/8,2019/4/8,2951.98 ,3007.83 ,2938.65 ,2962.27 ,2978.50 ,7453190900.00 ,97533308600.00 ,0.00 
2019/4/9,2019/4/9,2962.27 ,2980.12 ,2948.31 ,2967.51 ,2968.08 ,5080214200.00 ,72309797800.00 ,0.00 
2019/4/10,2019/4/10,2967.51 ,2996.41 ,2941.35 ,2979.10 ,2957.27 ,4869243800.00 ,75072996000.00 ,0.00 
2019/4/11,2019/4/11,2979.10 ,3000.10 ,2920.19 ,2928.43 ,2982.39 ,4281114400.00 ,64001721600.00 ,0.00 
2019/4/12,2019/4/12,2928.43 ,2933.45 ,2903.27 ,2920.52 ,2920.55 ,3252163300.00 ,47318241100.00 ,0.00 
2019/4/15,2019/4/15,2920.52 ,2999.33 ,2924.60 ,2924.93 ,2973.02 ,5843752800.00 ,77706068500.00 ,0.00 
2019/4/16,2019/4/16,2924.93 ,3023.03 ,2909.67 ,3023.03 ,2914.99 ,7076416300.00 ,85299156300.00 ,0.00 
2019/4/17,2019/4/17,3023.03 ,3035.41 ,2996.76 ,3017.42 ,3017.39 ,4996067500.00 ,64317209000.00 ,0.00 
2019/4/18,2019/4/18,3017.42 ,3019.54 ,2993.27 ,3004.92 ,3014.91 ,3967068400.00 ,50009082000.00 ,0.00 
2019/4/19,2019/4/19,3004.92 ,3043.93 ,2989.55 ,3042.43 ,3013.67 ,3994367200.00 ,56035404800.00 ,0.00 
2019/4/22,2019/4/22,3042.43 ,3048.82 ,2962.36 ,2970.49 ,3047.43 ,5675969700.00 ,74865754200.00 ,0.00 
2019/4/23,2019/4/23,2970.49 ,3007.35 ,2964.98 ,2978.85 ,2968.00 ,4106545600.00 ,57398711300.00 ,0.00 
2019/4/24,2019/4/24,2978.85 ,3001.53 ,2933.53 ,2974.85 ,2989.96 ,3542572900.00 ,51081275900.00 ,0.00 
2019/4/25,2019/4/25,2974.85 ,2973.22 ,2924.02 ,2928.00 ,2962.74 ,3893448300.00 ,52302557200.00 ,0.00 
2019/4/26,2019/4/26,2928.00 ,2930.21 ,2892.53 ,2892.86 ,2913.77 ,3656219700.00 ,52261886800.00 ,0.00 
2019/4/29,2019/4/29,2892.86 ,2968.16 ,2899.83 ,2939.41 ,2906.47 ,3924935500.00 ,60772631900.00 ,0.00 
2019/4/30,2019/4/30,2939.41 ,2955.88 ,2919.49 ,2945.24 ,2935.24 ,3212798300.00 ,49535144400.00 ,0.00 
2019/5/6,2019/5/6,2945.24 ,2867.60 ,2768.80 ,2805.04 ,2853.88 ,6243606300.00 ,93816546700.00 ,0.00 
2019/5/7,2019/5/7,2805.04 ,2833.20 ,2777.73 ,2806.26 ,2814.47 ,3541817700.00 ,59334292100.00 ,0.00 
2019/5/8,2019/5/8,2806.26 ,2796.47 ,2750.93 ,2758.24 ,2753.61 ,3039877200.00 ,47867857000.00 ,0.00 
2019/5/9,2019/5/9,2758.24 ,2748.01 ,2686.47 ,2698.78 ,2740.35 ,3075868100.00 ,52817873500.00 ,0.00 
2019/5/10,2019/5/10,2698.78 ,2798.87 ,2698.81 ,2793.76 ,2731.58 ,3945327800.00 ,64003883200.00 ,0.00 
2019/5/13,2019/5/13,2793.76 ,2767.48 ,2736.84 ,2741.11 ,2751.76 ,2659097100.00 ,40076136400.00 ,0.00 
2019/5/14,2019/5/14,2741.11 ,2754.69 ,2716.73 ,2724.73 ,2716.73 ,2622201800.00 ,41690816200.00 ,0.00 
2019/5/15,2019/5/15,2724.73 ,2797.15 ,2743.78 ,2783.54 ,2743.78 ,3071892000.00 ,47008658100.00 ,0.00 
2019/5/16,2019/5/16,2783.54 ,2793.76 ,2766.15 ,2791.41 ,2777.85 ,2894630200.00 ,39573600000.00 ,0.00 
2019/5/17,2019/5/17,2791.41 ,2792.51 ,2728.93 ,2735.21 ,2792.08 ,3007206300.00 ,42881486600.00 ,0.00 
2019/5/20,2019/5/20,2735.21 ,2746.66 ,2697.61 ,2715.43 ,2726.07 ,3120264600.00 ,41320624100.00 ,0.00 
2019/5/21,2019/5/21,2715.43 ,2764.48 ,2712.04 ,2739.79 ,2717.87 ,2696905100.00 ,38322653800.00 ,0.00 
2019/5/22,2019/5/22,2739.79 ,2745.86 ,2714.65 ,2725.73 ,2739.11 ,2316872900.00 ,31594205700.00 ,0.00 
2019/5/23,2019/5/23,2725.73 ,2713.94 ,2679.54 ,2685.93 ,2710.57 ,2781015600.00 ,37242029900.00 ,0.00 
2019/5/24,2019/5/24,2685.93 ,2722.34 ,2692.53 ,2702.03 ,2693.88 ,2123707600.00 ,29272238800.00 ,0.00 
2019/5/27,2019/5/27,2702.03 ,2731.30 ,2667.38 ,2722.33 ,2696.26 ,2724384800.00 ,38602911000.00 ,0.00 
2019/5/28,2019/5/28,2722.33 ,2759.78 ,2716.31 ,2748.80 ,2719.06 ,3467005600.00 ,50583998900.00 ,0.00 
2019/5/29,2019/5/29,2748.80 ,2780.31 ,2724.85 ,2755.81 ,2728.44 ,2494085700.00 ,42312700100.00 ,0.00 
2019/5/30,2019/5/30,2755.81 ,2752.69 ,2721.88 ,2742.96 ,2748.43 ,2439840500.00 ,33563876800.00 ,0.00 
2019/5/31,2019/5/31,2742.96 ,2762.39 ,2728.95 ,2728.95 ,2740.30 ,2218815200.00 ,30748522000.00 ,0.00 
2019/6/3,2019/6/3,2728.95 ,2762.08 ,2723.93 ,2743.06 ,2737.81 ,2709222000.00 ,36382740300.00 ,0.00 
2019/6/4,2019/6/4,2743.06 ,2746.51 ,2713.80 ,2721.31 ,2744.70 ,2227583200.00 ,31497303900.00 ,0.00 
2019/6/5,2019/6/5,2721.31 ,2747.23 ,2717.93 ,2719.59 ,2741.94 ,2576625300.00 ,35126727100.00 ,0.00 
2019/6/6,2019/6/6,2719.59 ,2727.70 ,2701.92 ,2706.76 ,2727.70 ,2139031200.00 ,29226456000.00 ,0.00 
2019/6/10,2019/6/10,2706.76 ,2752.88 ,2712.16 ,2743.37 ,2717.91 ,2708808100.00 ,39536245700.00 ,0.00 
2019/6/11,2019/6/11,2743.37 ,2816.99 ,2750.54 ,2812.90 ,2750.54 ,4085031500.00 ,61099051300.00 ,0.00 
2019/6/12,2019/6/12,2812.90 ,2805.01 ,2790.18 ,2796.73 ,2802.53 ,2644523000.00 ,36655472000.00 ,0.00 
2019/6/13,2019/6/13,2796.73 ,2804.76 ,2771.86 ,2794.54 ,2798.02 ,2345288700.00 ,32358595700.00 ,0.00 
2019/6/14,2019/6/14,2794.54 ,2816.18 ,2781.72 ,2785.61 ,2798.40 ,2612483000.00 ,35432680800.00 ,0.00 
2019/6/17,2019/6/17,2785.61 ,2813.45 ,2785.47 ,2793.70 ,2785.47 ,2047785100.00 ,29172435000.00 ,0.00 
2019/6/18,2019/6/18,2793.70 ,2809.87 ,2785.38 ,2806.45 ,2800.83 ,2167640400.00 ,28833695200.00 ,0.00 
2019/6/19,2019/6/19,2806.45 ,2879.23 ,2842.42 ,2842.74 ,2872.07 ,4116011000.00 ,61700813900.00 ,0.00 
2019/6/20,2019/6/20,2842.74 ,2954.03 ,2846.44 ,2942.63 ,2847.32 ,5736036900.00 ,87264861500.00 ,0.00 
2019/6/21,2019/6/21,2942.63 ,2958.23 ,2929.90 ,2938.77 ,2939.65 ,4656020500.00 ,68751725100.00 ,0.00 
2019/6/24,2019/6/24,2938.77 ,2958.02 ,2931.67 ,2949.52 ,2942.51 ,2901601800.00 ,48517969600.00 ,0.00 
2019/6/25,2019/6/25,2949.52 ,2946.71 ,2875.37 ,2910.12 ,2946.02 ,3816559500.00 ,64510972000.00 ,0.00 
2019/6/26,2019/6/26,2910.12 ,2915.24 ,2891.00 ,2903.49 ,2896.76 ,2402466000.00 ,36749515100.00 ,0.00 
2019/6/27,2019/6/27,2903.49 ,2952.91 ,2914.96 ,2937.13 ,2917.20 ,3347248700.00 ,54015595800.00 ,0.00 
2019/6/28,2019/6/28,2937.13 ,2937.29 ,2911.67 ,2930.60 ,2932.69 ,2370867100.00 ,37348147100.00 ,0.00 
2019/7/1,2019/7/1,2930.60 ,3011.91 ,2978.75 ,3002.94 ,2984.65 ,4262271400.00 ,67658868000.00 ,0.00 
2019/7/2,2019/7/2,3002.94 ,3003.88 ,2988.47 ,2999.08 ,3000.78 ,3462948800.00 ,50202955900.00 ,0.00 
2019/7/3,2019/7/3,2999.08 ,2990.05 ,2953.70 ,2964.73 ,2990.05 ,3391896500.00 ,52948819100.00 ,0.00 
2019/7/4,2019/7/4,2964.73 ,2974.80 ,2939.97 ,2953.27 ,2966.33 ,3292883400.00 ,49240940100.00 ,0.00 
2019/7/5,2019/7/5,2953.27 ,2967.98 ,2937.60 ,2961.92 ,2952.71 ,2384534500.00 ,37972405700.00 ,0.00 
2019/7/8,2019/7/8,2961.92 ,2944.97 ,2877.74 ,2897.51 ,2944.97 ,3373258800.00 ,48931992100.00 ,0.00 
2019/7/9,2019/7/9,2897.51 ,2902.14 ,2872.03 ,2881.55 ,2894.33 ,2137470000.00 ,33052158100.00 ,0.00 
2019/7/10,2019/7/10,2881.55 ,2897.58 ,2870.67 ,2878.78 ,2896.70 ,1891152100.00 ,30567386000.00 ,0.00 
2019/7/11,2019/7/11,2878.78 ,2918.94 ,2879.64 ,2887.83 ,2897.47 ,2115726600.00 ,37057602500.00 ,0.00 
2019/7/12,2019/7/12,2887.83 ,2912.90 ,2878.20 ,2902.13 ,2883.09 ,2145421000.00 ,36102862000.00 ,0.00 
2019/7/15,2019/7/15,2902.13 ,2920.16 ,2850.10 ,2902.61 ,2885.98 ,2819610600.00 ,45518424600.00 ,0.00 
2019/7/16,2019/7/16,2902.61 ,2905.11 ,2881.40 ,2884.56 ,2900.05 ,1741151700.00 ,29622629400.00 ,0.00 
2019/7/17,2019/7/17,2884.56 ,2892.34 ,2866.47 ,2875.03 ,2877.49 ,1809983000.00 ,29234605300.00 ,0.00 
2019/7/18,2019/7/18,2875.03 ,2872.24 ,2859.07 ,2859.16 ,2869.73 ,1954208600.00 ,30766133200.00 ,0.00 
2019/7/19,2019/7/19,2859.16 ,2906.55 ,2875.90 ,2895.62 ,2875.96 ,2245108900.00 ,36954836800.00 ,0.00 
2019/7/22,2019/7/22,2895.62 ,2905.35 ,2872.53 ,2881.90 ,2897.79 ,2360318400.00 ,33459223700.00 ,0.00 
2019/7/23,2019/7/23,2881.90 ,2889.39 ,2871.51 ,2881.10 ,2885.70 ,2044874800.00 ,29522996000.00 ,0.00 
2019/7/24,2019/7/24,2881.10 ,2923.40 ,2894.59 ,2906.55 ,2894.94 ,2601987100.00 ,40437283300.00 ,0.00 
2019/7/25,2019/7/25,2906.55 ,2931.18 ,2903.31 ,2931.18 ,2911.01 ,2293311300.00 ,34994770100.00 ,0.00 
2019/7/26,2019/7/26,2931.18 ,2943.07 ,2918.01 ,2939.35 ,2918.11 ,2352186400.00 ,33015285700.00 ,0.00 
2019/7/29,2019/7/29,2939.35 ,2938.73 ,2922.68 ,2930.49 ,2936.64 ,2237200500.00 ,31238966100.00 ,0.00 
2019/7/30,2019/7/30,2930.49 ,2958.30 ,2938.90 ,2944.03 ,2939.14 ,2269698000.00 ,34400992700.00 ,0.00 
2019/7/31,2019/7/31,2944.03 ,2932.65 ,2906.71 ,2912.66 ,2931.85 ,2388803400.00 ,36069124700.00 ,0.00 
2019/8/1,2019/8/1,2912.66 ,2909.47 ,2880.30 ,2887.87 ,2901.15 ,2427168300.00 ,34658797600.00 ,0.00 
2019/8/2,2019/8/2,2887.87 ,2852.12 ,2831.66 ,2843.77 ,2837.37 ,2994396800.00 ,42769404900.00 ,0.00 
2019/8/5,2019/8/5,2843.77 ,2828.48 ,2785.90 ,2786.72 ,2823.35 ,2835097600.00 ,40869467500.00 ,0.00 
2019/8/6,2019/8/6,2786.72 ,2771.79 ,2718.21 ,2760.68 ,2736.68 ,3694169100.00 ,55246285300.00 ,0.00 
2019/8/7,2019/8/7,2760.68 ,2773.94 ,2747.25 ,2747.25 ,2771.24 ,2458846400.00 ,35131933900.00 ,0.00 
2019/8/8,2019/8/8,2747.25 ,2790.14 ,2768.71 ,2786.87 ,2771.45 ,2940696000.00 ,38752525700.00 ,0.00 
2019/8/9,2019/8/9,2786.87 ,2802.81 ,2767.14 ,2772.15 ,2800.44 ,2538096600.00 ,34104733900.00 ,0.00 
2019/8/12,2019/8/12,2772.15 ,2825.09 ,2782.77 ,2824.80 ,2787.44 ,2213699700.00 ,38630482200.00 ,0.00 
2019/8/13,2019/8/13,2824.80 ,2812.49 ,2787.12 ,2792.91 ,2807.96 ,2146403400.00 ,31203938400.00 ,0.00 
2019/8/14,2019/8/14,2792.91 ,2831.34 ,2803.86 ,2804.36 ,2827.04 ,2610822100.00 ,39001289700.00 ,0.00 
2019/8/15,2019/8/15,2804.36 ,2815.15 ,2756.38 ,2814.39 ,2758.74 ,2528467500.00 ,35967053700.00 ,0.00 
2019/8/16,2019/8/16,2814.39 ,2846.26 ,2805.81 ,2824.23 ,2817.27 ,2414732800.00 ,40454103100.00 ,0.00 
2019/8/19,2019/8/19,2824.23 ,2877.47 ,2823.87 ,2877.23 ,2839.25 ,4191116700.00 ,60087435500.00 ,0.00 
2019/8/20,2019/8/20,2877.23 ,2883.55 ,2864.71 ,2875.65 ,2869.16 ,2981758300.00 ,41610605900.00 ,0.00 
2019/8/21,2019/8/21,2875.65 ,2875.01 ,2864.81 ,2869.22 ,2868.63 ,2163744400.00 ,31697839300.00 ,0.00 
2019/8/22,2019/8/22,2869.22 ,2881.06 ,2862.44 ,2878.00 ,2878.73 ,2049305700.00 ,31209995900.00 ,0.00 
2019/8/23,2019/8/23,2878.00 ,2923.93 ,2876.02 ,2917.38 ,2880.57 ,2413805700.00 ,45464081900.00 ,0.00 
2019/8/26,2019/8/26,2917.38 ,2882.45 ,2854.51 ,2863.48 ,2869.46 ,2643657800.00 ,46412408300.00 ,0.00 
2019/8/27,2019/8/27,2863.48 ,2915.84 ,2881.00 ,2887.24 ,2883.42 ,3574136800.00 ,57183305400.00 ,0.00 
2019/8/28,2019/8/28,2887.24 ,2887.85 ,2860.71 ,2867.03 ,2883.35 ,2361076500.00 ,41588186500.00 ,0.00 
2019/8/29,2019/8/29,2867.03 ,2871.63 ,2843.28 ,2855.45 ,2867.77 ,2238667000.00 ,37475570800.00 ,0.00 
2019/8/30,2019/8/30,2855.45 ,2886.35 ,2856.03 ,2872.40 ,2878.21 ,2592297500.00 ,43825498600.00 ,0.00 
2019/9/2,2019/9/2,2872.40 ,2902.41 ,2866.75 ,2894.96 ,2871.29 ,2975321400.00 ,45888749800.00 ,0.00 
2019/9/3,2019/9/3,2894.96 ,2900.76 ,2878.10 ,2892.18 ,2897.29 ,2590498200.00 ,39972053300.00 ,0.00 
2019/9/4,2019/9/4,2892.18 ,2919.68 ,2887.59 ,2919.68 ,2888.97 ,3764714400.00 ,53644453600.00 ,0.00 
2019/9/5,2019/9/5,2919.68 ,2988.21 ,2938.14 ,2955.84 ,2938.14 ,5285227200.00 ,79279041900.00 ,0.00 
2019/9/6,2019/9/6,2955.84 ,2981.24 ,2955.82 ,2981.07 ,2974.80 ,3146536700.00 ,49253544100.00 ,0.00 
2019/9/9,2019/9/9,2981.07 ,3008.67 ,2974.23 ,2981.59 ,3004.80 ,3869579800.00 ,60012229400.00 ,0.00 
2019/9/10,2019/9/10,2981.59 ,2988.06 ,2958.31 ,2969.80 ,2987.51 ,3603467800.00 ,51347965800.00 ,0.00 
2019/9/11,2019/9/11,2969.80 ,2980.66 ,2946.57 ,2957.14 ,2978.97 ,3519933500.00 ,57420856000.00 ,0.00 
2019/9/12,2019/9/12,2957.14 ,3001.23 ,2963.45 ,2999.56 ,2970.01 ,3182441000.00 ,52267977300.00 ,0.00 
2019/9/16,2019/9/16,2999.56 ,3004.88 ,2972.58 ,2982.45 ,3003.65 ,3253393900.00 ,48002497900.00 ,0.00 
2019/9/17,2019/9/17,2982.45 ,2974.01 ,2929.31 ,2937.01 ,2974.01 ,3072249500.00 ,45651979100.00 ,0.00 
2019/9/18,2019/9/18,2937.01 ,2967.86 ,2947.68 ,2954.36 ,2947.97 ,2335392300.00 ,41683898300.00 ,0.00 
2019/9/19,2019/9/19,2954.36 ,2965.11 ,2941.66 ,2956.83 ,2965.03 ,2094280900.00 ,34846676600.00 ,0.00 
2019/9/20,2019/9/20,2956.83 ,2970.72 ,2956.92 ,2963.43 ,2964.92 ,3023002800.00 ,47729266700.00 ,0.00 
2019/9/23,2019/9/23,2963.43 ,2955.26 ,2916.43 ,2930.91 ,2955.26 ,2378264600.00 ,39232461700.00 ,0.00 
2019/9/24,2019/9/24,2930.91 ,2956.29 ,2929.60 ,2940.08 ,2936.95 ,2273229600.00 ,40266780200.00 ,0.00 
2019/9/25,2019/9/25,2940.08 ,2942.00 ,2923.15 ,2928.84 ,2930.14 ,2252651200.00 ,35894449600.00 ,0.00 
2019/9/26,2019/9/26,2928.84 ,2952.87 ,2926.54 ,2927.88 ,2939.68 ,3146691800.00 ,44815324800.00 ,0.00 
2019/9/27,2019/9/27,2927.88 ,2934.33 ,2916.07 ,2929.47 ,2929.32 ,2301456100.00 ,32422355400.00 ,0.00 
2019/9/30,2019/9/30,2929.47 ,2933.51 ,2897.68 ,2897.70 ,2917.07 ,1923302100.00 ,30265813200.00 ,0.00 
2019/10/8,2019/10/8,2897.70 ,2938.87 ,2898.53 ,2922.35 ,2898.53 ,2496138800.00 ,39074499500.00 ,0.00 
2019/10/9,2019/10/9,2922.35 ,2931.64 ,2896.26 ,2922.98 ,2908.17 ,2613601800.00 ,40412670500.00 ,0.00 
2019/10/10,2019/10/10,2922.98 ,2944.02 ,2910.35 ,2940.80 ,2917.82 ,2199613300.00 ,35842652300.00 ,0.00 
2019/10/11,2019/10/11,2940.80 ,2989.75 ,2945.01 ,2983.12 ,2952.47 ,3117712300.00 ,48168621400.00 ,0.00 
2019/10/14,2019/10/14,2983.12 ,3040.50 ,2997.66 ,3013.53 ,3007.36 ,4254331500.00 ,56735171900.00 ,0.00 
2019/10/15,2019/10/15,3013.53 ,3019.29 ,3005.87 ,3015.42 ,3018.86 ,2544608300.00 ,37222300700.00 ,0.00 
2019/10/16,2019/10/16,3015.42 ,3043.45 ,2999.38 ,3004.72 ,3015.17 ,2625636700.00 ,42282388100.00 ,0.00 
2019/10/17,2019/10/17,3004.72 ,3018.65 ,2997.84 ,3011.75 ,3009.69 ,1893610700.00 ,31585237300.00 ,0.00 
2019/10/18,2019/10/18,3011.75 ,3027.61 ,2961.13 ,2963.18 ,3020.01 ,2463127100.00 ,37356080200.00 ,0.00 
2019/10/21,2019/10/21,2963.18 ,2973.79 ,2950.30 ,2968.91 ,2957.97 ,2422354300.00 ,36733975200.00 ,0.00 
2019/10/22,2019/10/22,2968.91 ,2983.84 ,2956.90 ,2973.22 ,2983.84 ,2100126200.00 ,29912296600.00 ,0.00 
2019/10/23,2019/10/23,2973.22 ,2977.68 ,2945.84 ,2954.31 ,2969.98 ,2263301200.00 ,30608315000.00 ,0.00 
2019/10/24,2019/10/24,2954.31 ,2976.37 ,2945.68 ,2959.03 ,2963.34 ,2448273900.00 ,34206450500.00 ,0.00 
2019/10/25,2019/10/25,2959.03 ,2970.54 ,2935.06 ,2967.05 ,2955.51 ,2452258300.00 ,43830273300.00 ,0.00 
2019/10/28,2019/10/28,2967.05 ,2984.94 ,2962.40 ,2981.36 ,2967.63 ,2849021300.00 ,42480534000.00 ,0.00 
2019/10/29,2019/10/29,2981.36 ,2984.35 ,2968.21 ,2968.28 ,2982.45 ,2180299300.00 ,34000117600.00 ,0.00 
2019/10/30,2019/10/30,2968.28 ,2971.90 ,2946.97 ,2952.12 ,2966.76 ,2182011500.00 ,33653353500.00 ,0.00 
2019/10/31,2019/10/31,2952.12 ,2966.59 ,2948.33 ,2954.73 ,2964.91 ,2627764700.00 ,42158765500.00 ,0.00 
2019/11/1,2019/11/1,2954.73 ,3005.18 ,2947.60 ,3002.65 ,2953.74 ,2887993900.00 ,46727802400.00 ,0.00 
2019/11/4,2019/11/4,3002.65 ,3025.64 ,3011.20 ,3022.27 ,3012.94 ,3090697200.00 ,47783955200.00 ,0.00 
2019/11/5,2019/11/5,3022.27 ,3065.93 ,3015.80 ,3039.98 ,3024.87 ,3835986200.00 ,55760630400.00 ,0.00 
2019/11/6,2019/11/6,3039.98 ,3045.46 ,3024.75 ,3032.79 ,3041.42 ,2917481600.00 ,40808898000.00 ,0.00 
2019/11/7,2019/11/7,3032.79 ,3044.72 ,3021.69 ,3033.30 ,3034.16 ,2331794600.00 ,34760202700.00 ,0.00 
2019/11/8,2019/11/8,3033.30 ,3055.60 ,3011.37 ,3012.46 ,3052.69 ,2829701200.00 ,41316357500.00 ,0.00 
2019/11/11,2019/11/11,3012.46 ,2995.14 ,2962.68 ,2965.71 ,2995.14 ,2851182700.00 ,40134019700.00 ,0.00 
2019/11/12,2019/11/12,2965.71 ,2978.17 ,2954.78 ,2971.36 ,2973.00 ,2052769500.00 ,31297828200.00 ,0.00 
2019/11/13,2019/11/13,2971.36 ,2976.26 ,2955.10 ,2967.67 ,2967.62 ,2262181200.00 ,37211948900.00 ,0.00 
2019/11/14,2019/11/14,2967.67 ,2980.70 ,2964.92 ,2968.57 ,2975.48 ,2212354800.00 ,35768606300.00 ,0.00 
2019/11/15,2019/11/15,2968.57 ,2976.37 ,2953.76 ,2954.70 ,2972.48 ,2202956100.00 ,32519691000.00 ,0.00 
2019/11/18,2019/11/18,2954.70 ,2985.97 ,2949.47 ,2980.95 ,2954.78 ,2387630000.00 ,34685922000.00 ,0.00 
2019/11/19,2019/11/19,2980.95 ,3000.75 ,2973.57 ,3000.75 ,2973.57 ,2426587100.00 ,36274061700.00 ,0.00 
2019/11/20,2019/11/20,3000.75 ,2996.51 ,2962.71 ,2968.12 ,2991.42 ,2251169600.00 ,33591330100.00 ,0.00 
2019/11/21,2019/11/21,2968.12 ,2957.35 ,2940.15 ,2949.34 ,2957.07 ,2191445200.00 ,35263796800.00 ,0.00 
2019/11/22,2019/11/22,2949.34 ,2967.78 ,2913.18 ,2922.27 ,2952.77 ,2680202100.00 ,46004984000.00 ,0.00 
